{"cameraMode":{"drawMode":0,"name":"Shaded","section":"Shading Mode"},"sceneLighting":true,"audioPlay":false,"sceneViewState":{"showFog":true,"showMaterialUpdate":false,"showSkybox":true,"showFlares":true,"showImageEffects":true,"showParticleSystems":true},"in2DMode":false,"pivot":{"x":1.1745426654815674,"y":1.8081443309783936,"z":0.6939802169799805},"rotation":{"x":-0.15354421734809876,"y":0.16283173859119416,"z":-0.025661543011665345,"w":-0.9742953777313232},"size":11.11503791809082,"orthographic":false}