{"cameraMode":{"drawMode":0,"name":"Shaded","section":"Shading Mode"},"sceneLighting":true,"audioPlay":false,"sceneViewState":{"showFog":true,"showMaterialUpdate":false,"showSkybox":true,"showFlares":true,"showImageEffects":true,"showParticleSystems":true},"in2DMode":false,"pivot":{"x":-0.0538175106048584,"y":0.8461885452270508,"z":12.766973495483399},"rotation":{"x":0.08303835242986679,"y":0.07943688333034516,"z":-0.006640237290412188,"w":0.9933530688285828},"size":14.72507381439209,"orthographic":true}